{
  "model_name": "coconut_leaf_detector_stage1",
  "version": "v1",
  "created_at": "2025-12-30 09:03:56",
  "architecture": {
    "base_model": "EfficientNetB0",
    "input_shape": [
      224,
      224,
      3
    ],
    "num_classes": 2,
    "class_names": [
      "cocount",
      "not_cocount"
    ],
    "total_parameters": 4410661,
    "trainable_parameters": 4201438
  },
  "training": {
    "batch_size": 32,
    "epochs_trained": 35,
    "initial_learning_rate": 0.001,
    "dropout_rate": 0.3,
    "l2_regularization": 0.01,
    "optimizer": "Adam",
    "loss_function": "categorical_crossentropy"
  },
  "dataset": {
    "train_samples": 19997,
    "val_samples": 855,
    "test_samples": 856,
    "class_distribution": {
      "train": {
        "cocount": 9970,
        "not_cocount": 9998
      },
      "val": {
        "cocount": 425,
        "not_cocount": 430
      },
      "test": {
        "cocount": 425,
        "not_cocount": 430
      }
    }
  },
  "performance": {
    "test_accuracy": 0.9819711446762085,
    "test_precision": 0.9819711446762085,
    "test_recall": 0.9819711446762085,
    "test_f1_score": 0.9819711446762085,
    "test_auc": 0.9985185265541077,
    "test_loss": 0.06570924073457718,
    "accuracy_f1_difference": 0.0,
    "train_val_gap": 0.00826948881149292
  },
  "per_class_metrics": {
    "cocount": {
      "precision": 0.9928057553956835,
      "recall": 0.971830985915493,
      "f1_score": 0.9822064056939501,
      "support": 426
    },
    "not_cocount": {
      "precision": 0.9726651480637813,
      "recall": 0.9930232558139535,
      "f1_score": 0.9827387802071347,
      "support": 430
    }
  },
  "training_history": {
    "accuracy": [
      0.4948660135269165,
      0.5,
      0.49646881222724915,
      0.59375,
      0.4970698654651642,
      0.46875,
      0.503831684589386,
      0.4375,
      0.49151015281677246,
      0.625,
      0.7439018487930298,
      0.75,
      0.8237415552139282,
      0.84375,
      0.8480340838432312,
      0.875,
      0.8666166067123413,
      0.875,
      0.8876534104347229,
      0.84375,
      0.9071875810623169,
      0.875,
      0.9178562760353088,
      0.9375,
      0.9329326152801514,
      0.875,
      0.9384923577308655,
      0.96875,
      0.9457550644874573,
      0.9375,
      0.94906085729599,
      0.90625,
      0.9553719162940979,
      0.96875,
      0.9580766558647156
    ],
    "auc": [
      0.4915010333061218,
      0.52001953125,
      0.4990822672843933,
      0.54296875,
      0.49214136600494385,
      0.5,
      0.4994586408138275,
      0.5,
      0.4993361830711365,
      0.52783203125,
      0.8441970944404602,
      0.8212890625,
      0.9209849834442139,
      0.9755859375,
      0.9382026195526123,
      0.93994140625,
      0.9521012902259827,
      0.97998046875,
      0.9633250832557678,
      0.9658203125,
      0.9711745977401733,
      0.98046875,
      0.9758632183074951,
      0.98046875,
      0.9832539558410645,
      0.9365234375,
      0.9861389994621277,
      0.9970703125,
      0.9884182214736938,
      0.98828125,
      0.9893638491630554,
      0.97265625,
      0.9914652705192566,
      0.9931640625,
      0.9923278093338013
    ],
    "loss": [
      1.0064644813537598,
      0.6951789855957031,
      0.6937914490699768,
      0.6923690438270569,
      0.6932833194732666,
      0.693248987197876,
      0.6931549906730652,
      0.693599283695221,
      0.6932016015052795,
      0.6926189661026001,
      0.505174458026886,
      0.5578207969665527,
      0.37186476588249207,
      0.26724663376808167,
      0.33173349499702454,
      0.33641430735588074,
      0.2939551770687103,
      0.21621201932430267,
      0.26050302386283875,
      0.25540274381637573,
      0.233650341629982,
      0.1632002294063568,
      0.21513386070728302,
      0.19656270742416382,
      0.18249598145484924,
      0.32537931203842163,
      0.16649208962917328,
      0.11152232438325882,
      0.15321709215641022,
      0.17241211235523224,
      0.14715927839279175,
      0.2261834293603897,
      0.13241219520568848,
      0.1506490558385849,
      0.12574738264083862
    ],
    "precision": [
      0.4948660135269165,
      0.5,
      0.49646881222724915,
      0.59375,
      0.4970698654651642,
      0.46875,
      0.503831684589386,
      0.4375,
      0.49151015281677246,
      0.625,
      0.7439018487930298,
      0.75,
      0.8237415552139282,
      0.84375,
      0.8480340838432312,
      0.875,
      0.8666166067123413,
      0.875,
      0.8876534104347229,
      0.84375,
      0.9071875810623169,
      0.875,
      0.9178562760353088,
      0.9375,
      0.9329326152801514,
      0.875,
      0.9384923577308655,
      0.96875,
      0.9457550644874573,
      0.9375,
      0.94906085729599,
      0.90625,
      0.9553719162940979,
      0.96875,
      0.9580766558647156
    ],
    "recall": [
      0.4948660135269165,
      0.5,
      0.49646881222724915,
      0.59375,
      0.4970698654651642,
      0.46875,
      0.503831684589386,
      0.4375,
      0.49151015281677246,
      0.625,
      0.7439018487930298,
      0.75,
      0.8237415552139282,
      0.84375,
      0.8480340838432312,
      0.875,
      0.8666166067123413,
      0.875,
      0.8876534104347229,
      0.84375,
      0.9071875810623169,
      0.875,
      0.9178562760353088,
      0.9375,
      0.9329326152801514,
      0.875,
      0.9384923577308655,
      0.96875,
      0.9457550644874573,
      0.9375,
      0.94906085729599,
      0.90625,
      0.9553719162940979,
      0.96875,
      0.9580766558647156
    ],
    "val_accuracy": [
      0.510817289352417,
      0.510817289352417,
      0.510817289352417,
      0.510817289352417,
      0.510817289352417,
      0.510817289352417,
      0.4891826808452606,
      0.4891826808452606,
      0.4891826808452606,
      0.4891826808452606,
      0.796875,
      0.8269230723381042,
      0.879807710647583,
      0.8822115659713745,
      0.9038461446762085,
      0.917067289352417,
      0.8713942170143127,
      0.879807710647583,
      0.9122596383094788,
      0.9254807829856873,
      0.7115384340286255,
      0.7043269276618958,
      0.7692307829856873,
      0.7680288553237915,
      0.9387019276618958,
      0.9411057829856873,
      0.9411057829856873,
      0.9399038553237915,
      0.9471153616905212,
      0.9459134340286255,
      0.921875,
      0.9447115659713745,
      0.9663461446762085,
      0.9663461446762085,
      0.9663461446762085
    ],
    "val_auc": [
      0.510817289352417,
      0.510817289352417,
      0.510817289352417,
      0.510817289352417,
      0.5,
      0.5,
      0.5,
      0.5,
      0.5,
      0.5,
      0.8681857585906982,
      0.890102744102478,
      0.9449751377105713,
      0.9532528519630432,
      0.958969235420227,
      0.9649405479431152,
      0.9407532811164856,
      0.9472143054008484,
      0.9706395864486694,
      0.9786579012870789,
      0.8364286422729492,
      0.8328264951705933,
      0.8904761672019958,
      0.8869079351425171,
      0.9862154722213745,
      0.9876261353492737,
      0.9877588748931885,
      0.984582245349884,
      0.9906388521194458,
      0.9903419017791748,
      0.9792638421058655,
      0.987045407295227,
      0.9949827790260315,
      0.9948687553405762,
      0.9958163499832153
    ],