Class,Precision,Recall,F1-Score,Support
cocount,0.9928057553956835,0.971830985915493,0.9822064056939501,426
not_cocount,0.9726651480637813,0.9930232558139535,0.9827387802071347,430
