{
  "model": "coconut_mite_v10",
  "best_threshold": 0.1,
  "results": [
    {
      "threshold": 0.5,
      "accuracy": 0.8716577540106952,
      "macro_f1": 0.8352065654369891,
      "balance_score": 0.229294906617367,
      "per_class": {
        "coconut_mite": {
          "precision": 0.9206349206349206,
          "recall": 0.58,
          "f1": 0.7116564417177914
        },
        "healthy": {
          "precision": 0.7391304347826086,
          "recall": 0.9550561797752809,
          "f1": 0.8333333333333334
        },
        "not_coconut": {
          "precision": 0.9336734693877551,
          "recall": 0.9891891891891892,
          "f1": 0.9606299212598425
        }
      }
    },
    {
      "threshold": 0.45,
      "accuracy": 0.8850267379679144,
      "macro_f1": 0.8543859649122808,
      "balance_score": 0.19868904310035557,
      "per_class": {
        "coconut_mite": {
          "precision": 0.9264705882352942,
          "recall": 0.63,
          "f1": 0.75
        },
        "healthy": {
          "precision": 0.7657657657657657,
          "recall": 0.9550561797752809,
          "f1": 0.85
        },
        "not_coconut": {
          "precision": 0.9384615384615385,
          "recall": 0.9891891891891892,
          "f1": 0.9631578947368421
        }
      }
    },
    {
      "threshold": 0.4,
      "accuracy": 0.8983957219251337,
      "macro_f1": 0.8718451024610084,
      "balance_score": 0.17175031021125955,
      "per_class": {
        "coconut_mite": {
          "precision": 0.9315068493150684,
          "recall": 0.68,
          "f1": 0.7861271676300579
        },
        "healthy": {
          "precision": 0.7798165137614679,
          "recall": 0.9550561797752809,
          "f1": 0.8585858585858586
        },
        "not_coconut": {
          "precision": 0.953125,
          "recall": 0.9891891891891892,
          "f1": 0.9708222811671088
        }
      }
    },
    {
      "threshold": 0.35,
      "accuracy": 0.8983957219251337,
      "macro_f1": 0.8718451024610084,
      "balance_score": 0.17175031021125955,
      "per_class": {
        "coconut_mite": {
          "precision": 0.9315068493150684,
          "recall": 0.68,
          "f1": 0.7861271676300579
        },
        "healthy": {
          "precision": 0.7798165137614679,
          "recall": 0.9550561797752809,
          "f1": 0.8585858585858586
        },
        "not_coconut": {
          "precision": 0.953125,
          "recall": 0.9891891891891892,
          "f1": 0.9708222811671088
        }
      }
    },
    {
      "threshold": 0.3,
      "accuracy": 0.9037433155080213,
      "macro_f1": 0.8793897399808731,
      "balance_score": 0.15921186335893664,
      "per_class": {
        "coconut_mite": {
          "precision": 0.9333333333333333,
          "recall": 0.7,
          "f1": 0.8
        },
        "healthy": {
          "precision": 0.794392523364486,
          "recall": 0.9550561797752809,
          "f1": 0.8673469387755102
        },
        "not_coconut": {
          "precision": 0.953125,
          "recall": 0.9891891891891892,
          "f1": 0.9708222811671088
        }
      }
    },
    {
      "threshold": 0.25,
      "accuracy": 0.9090909090909091,
      "macro_f1": 0.8871549130892226,
      "balance_score": 0.13813934167438904,
      "per_class": {
        "coconut_mite": {
          "precision": 0.9240506329113924,
          "recall": 0.73,
          "f1": 0.8156424581005587
        },
        "healthy": {
          "precision": 0.8155339805825242,
          "recall": 0.9438202247191011,
          "f1": 0.875
        },
        "not_coconut": {
          "precision": 0.953125,
          "recall": 0.9891891891891892,
          "f1": 0.9708222811671088
        }
      }
    },
    {
      "threshold": 0.2,
      "accuracy": 0.9144385026737968,
      "macro_f1": 0.894587363083618,
      "balance_score": 0.12563286198117388,
      "per_class": {
        "coconut_mite": {
          "precision": 0.9259259259259259,
          "recall": 0.75,
          "f1": 0.8287292817679558
        },
        "healthy": {
          "precision": 0.8316831683168316,
          "recall": 0.9438202247191011,
          "f1": 0.8842105263157894
        },
        "not_coconut": {
          "precision": 0.953125,
          "recall": 0.9891891891891892,
          "f1": 0.9708222811671088
        }
      }
    },
    {
      "threshold": 0.15,
      "accuracy": 0.9197860962566845,
      "macro_f1": 0.9015290170060246,
      "balance_score": 0.10452223034990966,
      "per_class": {
        "coconut_mite": {
          "precision": 0.9069767441860465,
          "recall": 0.78,
          "f1": 0.8387096774193549
        },
        "healthy": {
          "precision": 0.8556701030927835,
          "recall": 0.9325842696629213,
          "f1": 0.8924731182795699
        },
        "not_coconut": {
          "precision": 0.9581151832460733,
          "recall": 0.9891891891891892,
          "f1": 0.973404255319149
        }
      }
    },
    {
      "threshold": 0.1,
      "accuracy": 0.9144385026737968,
      "macro_f1": 0.8969325778990606,
      "balance_score": 0.0913703050794679,
      "per_class": {
        "coconut_mite": {
          "precision": 0.8777777777777778,
          "recall": 0.79,
          "f1": 0.8315789473684211
        },
        "healthy": {
          "precision": 0.8631578947368421,
          "recall": 0.9213483146067416,
          "f1": 0.8913043478260869
        },
        "not_coconut": {
          "precision": 0.9576719576719577,
          "recall": 0.9783783783783784,
          "f1": 0.9679144385026738
        }
      }
    }
  ],
  "requirements": {
    "prf_balanced": true,
    "acc_f1_ok": true,
    "f1_similar": 