{
  "accuracy": [
    0.6840111613273621,
    0.7908635139465332,
    0.8345403671264648,
    0.844011127948761,
    0.8708634972572327,
    0.8749860525131226,
    0.8861281275749207,
    0.8834540247917175,
    0.8929247856140137,
    0.8998328447341919,
    0.9071866273880005,
    0.904958188533783,
    0.9135376214981079,
    0.9152089357376099,
    0.9089693427085876,
    0.9173259139060974,
    0.9145404100418091,
    0.9218941330909729,
    0.9249024987220764,
    0.9232311844825745,
    0.9265738129615784,
    0.916211724281311,
    0.9244568347930908,
    0.926239550113678,
    0.9277994632720947,
    0.9293593168258667,
    0.9315877556800842,
    0.9288022518157959,
    0.9294707775115967,
    0.9290250539779663
  ],
  "val_accuracy": [
    0.7553191781044006,
    0.8031914830207825,
    0.8404255509376526,
    0.8563829660415649,
    0.8776595592498779,
    0.8670212626457214,
    0.8617021441459656,
    0.8723404407501221,
    0.8723404407501221,
    0.8882978558540344,
    0.8829787373542786,
    0.8670212626457214,
    0.8776595592498779,
    0.8723404407501221,
    0.8723404407501221,
    0.8723404407501221,
    0.8723404407501221,
    0.8670212626457214,
    0.8776595592498779,
    0.8670212626457214,
    0.8670212626457214,
    0.8776595592498779,
    0.8670212626457214,
    0.8723404407501221,
    0.8829787373542786,
    0.8723404407501221,
    0.8776595592498779,
    0.8776595592498779,
    0.8776595592498779,
    0.8670212626457214
  ],
  "loss": [
    1.8517820835113525,
    1.4571762084960938,
    1.239646315574646,
    1.0965148210525513,
    0.959503710269928,
    0.8635038137435913,
    0.7822628617286682,
    0.7111871242523193,
    0.6463306546211243,
    0.5905113220214844,
    0.5443875193595886,
    0.5193009376525879,
    0.48279470205307007,
    0.46113884449005127,
    0.4519592523574829,
    0.4285506010055542,
    0.4257522523403168,
    0.4062644839286804,
    0.39710092544555664,
    0.39091378450393677,
    0.38290441036224365,
    0.389741450548172,
    0.3785201907157898,
    0.37651124596595764,
    0.3742596209049225,
    0.3693835437297821,
    0.36444762349128723,
    0.3665611743927002,
    0.36409345269203186,
    0.36297470331192017
  ],
  "val_loss": [
    1.5662214756011963,
    1.3354078531265259,
    1.167934775352478,
    1.0375938415527344,
    0.9216355681419373,
    0.8376655578613281,
    0.7857887744903564,
    0.7188233733177185,
    0.6659076809883118,
    0.6262268424034119,
    0.5920460820198059,
    0.5752058625221252,
    0.5427113175392151,
    0.5206910967826843,
    0.5070374011993408,
    0.49242815375328064,
    0.4963048994541168,
    0.4953675866127014,
    0.48338374495506287,
    0.47522369027137756,
    0.48532533645629883,
    0.48268142342567444,
    0.4758371412754059,
    0.4473096430301666,
    0.4470575153827667,
    0.4460909962654114,
    0.44006282091140747,
    0.4457869827747345,
    0.4396969676017761,
    0.44783300161361694
  ]
}